id,first_name,last_name,email,mobile,status,pswd
2,Richie,Rich(eha),heartaudionz@gmail.com,220220222,active,
6,Rachel,Latte(e),heartaudionz@gmail.com,220220222,active,
8,Richie,Rich,richie@rich.com,220220222,active,
9,Poke,Man(e),chris.chonghuihui+poke@gmail.com,220220222,active,
7,Lucas,Moonwalker(er),fakerachellette+lukas@gmail.com,220220222,active,
1,Baby,Yoda,yoda@clients.com,220220222,active,
3,Poke,Man(ecc),poke@man.com,220220222,active,
4,Pikkka,Achoo,pikamika@gmail.com,220220222,active,
5,Pickles,TheDog,pickles@client.com,220220222,active,
